Workbook

Sheet 요약
A1: 온워드유통 — 커머스 셀러 데이터 요약
A2: 스마트스토어 · 쿠팡 · 11번가 · 자사몰 통합 (셀러 API 샘플)
A4: 총 매출액 | B4: =매출정보!C10
A5: 총 순이익 | B5: =매출정보!G10
A6: 총 주문건수 | B6: =COUNTA(주문내역!A2:A100)
A7: 평균 객단가 | B7: =ROUND(매출정보!C10/매출정보!B10,0)
A8: 배송중 건수 | B8: =COUNTIF(배송정보!G2:G100,"배송중")
A9: 배송완료 건수 | B9: =COUNTIF(배송정보!G2:G100,"배송완료")
A10: 취소/반품 건수 | B10: =COUNTIF(주문내역!L2:L100,"취소")+COUNTIF(주문내역!L2:L100,"반품")
A11: 재고부족 SKU | B11: =COUNTIF(재고정보!I2:I100,"부족")+COUNTIF(재고정보!I2:I100,"품절")
A13: ※ 값은 다른 시트(주문내역/배송정보/재고정보/매출정보)를 실시간 참조합니다 — IRO 대시보드가 이 구조로 데이터를 읽습니다.

Sheet 주문내역
A1: 주문번호 | B1: 주문일시 | C1: 마켓 | D1: SKU | E1: 상품명 | F1: 옵션 | G1: 수량 | H1: 판매단가 | I1: 결제금액 | J1: 주문자 | K1: 연락처 | L1: 주문상태
A2: 20260602-0001 | B2: 2026-06-02 09:14 | C2: 스마트스토어 | D2: SKU-001 | E2: 제주 감귤즙 100ml x30포 | F2: 1박스 | G2: 2 | H2: 19900 | I2: =G2*H2 | J2: 김민서 | K2: 010-2345-6781 | L2: 결제완료
A3: 20260602-0002 | B3: 2026-06-02 10:02 | C3: 쿠팡 | D3: SKU-007 | E3: 제주 한라봉 5kg | F3: 5kg | G3: 1 | H3: 32000 | I3: =G3*H3 | J3: 박지훈 | K3: 010-3456-7892 | L3: 상품준비중
A4: 20260602-0003 | B4: 2026-06-02 11:37 | C4: 11번가 | D4: SKU-003 | E4: 친환경 주방세제 1L | F4: 2개세트 | G4: 3 | H4: 12900 | I4: =G4*H4 | J4: 이서연 | K4: 010-4567-8903 | L4: 결제완료
A5: 20260601-0007 | B5: 2026-06-01 14:21 | C5: 자사몰 | D5: SKU-005 | E5: 국산 들기름 500ml | F5: 500ml | G5: 2 | H5: 16900 | I5: =G5*H5 | J5: 정우진 | K5: 010-5678-9014 | L5: 배송중
A6: 20260601-0006 | B6: 2026-06-01 13:05 | C6: 스마트스토어 | D6: SKU-008 | E6: 발효 흑마늘즙 70ml x30 | F6: 1박스 | G6: 1 | H6: 25900 | I6: =G6*H6 | J6: 최예린 | K6: 010-6789-0125 | L6: 배송중
A7: 20260601-0005 | B7: 2026-06-01 09:48 | C7: 쿠팡 | D7: SKU-002 | E7: 유기농 현미 5kg | F7: 5kg | G7: 2 | H7: 23000 | I7: =G7*H7 | J7: 한도윤 | K7: 010-7890-1236 | L7: 배송중
A8: 20260531-0009 | B8: 2026-05-31 16:33 | C8: 11번가 | D8: SKU-006 | E8: 히말라야 핑크솔트 1kg | F8: 1kg | G8: 4 | H8: 8900 | I8: =G8*H8 | J8: 오하준 | K8: 010-8901-2347 | L8: 배송완료
A9: 20260531-0008 | B9: 2026-05-31 12:10 | C9: 자사몰 | D9: SKU-001 | E9: 제주 감귤즙 100ml x30포 | F9: 1박스 | G9: 1 | H9: 19900 | I9: =G9*H9 | J9: 임수아 | K9: 010-9012-3458 | L9: 배송완료
A10: 20260530-0012 | B10: 2026-05-30 18:50 | C10: 스마트스토어 | D10: SKU-004 | E10: 강원 곤드레나물 500g | F10: 500g | G10: 5 | H10: 9900 | I10: =G10*H10 | J10: 강시우 | K10: 010-0123-4569 | L10: 배송완료
A11: 20260530-0011 | B11: 2026-05-30 11:22 | C11: 쿠팡 | D11: SKU-007 | E11: 제주 한라봉 5kg | F11: 5kg | G11: 2 | H11: 32000 | I11: =G11*H11 | J11: 윤채원 | K11: 010-1234-5670 | L11: 배송완료
A12: 20260529-0014 | B12: 2026-05-29 15:09 | C12: 11번가 | D12: SKU-005 | E12: 국산 들기름 500ml | F12: 500ml | G12: 1 | H12: 16900 | I12: =G12*H12 | J12: 서준호 | K12: 010-2345-6782 | L12: 취소
A13: 20260529-0013 | B13: 2026-05-29 10:41 | C13: 자사몰 | D13: SKU-008 | E13: 발효 흑마늘즙 70ml x30 | F13: 1박스 | G13: 2 | H13: 25900 | I13: =G13*H13 | J13: 배지민 | K13: 010-3456-7893 | L13: 배송완료
... A19: 20260526-0020 | B19: 2026-05-26 10:30 | C19: 쿠팡 | D19: SKU-004 | E19: 강원 곤드레나물 500g | F19: 500g | G19: 6 | H19: 9900 | I19: =G19*H19 | J19: 남도현 | K19: 010-9012-3459 | L19: 배송완료

Sheet 배송정보
A1: 주문번호 | B1: 수령인 | C1: 주소 | D1: 택배사 | E1: 운송장번호 | F1: 발송일 | G1: 배송상태 | H1: 예상도착 | I1: 배송메모
A2: 20260601-0007 | B2: 정우진 | C2: 서울 강남구 테헤란로 152 | D2: CJ대한통운 | E2: 612345678901 | F2: 2026-06-01 | G2: 배송중 | H2: 2026-06-03 | I2: 부재시 경비실
A3: 20260601-0006 | B3: 최예린 | C3: 경기 성남시 분당구 판교로 255 | D3: 롯데택배 | E3: 312345678902 | F3: 2026-06-01 | G3: 배송중 | H3: 2026-06-03
A4: 20260601-0005 | B4: 한도윤 | C4: 부산 해운대구 우동 1394 | D4: 한진택배 | E4: 412345678903 | F4: 2026-06-01 | G4: 배송중 | H4: 2026-06-04 | I4: 문 앞
A5: 20260531-0009 | B5: 오하준 | C5: 대구 수성구 동대구로 351 | D5: CJ대한통운 | E5: 612345678904 | F5: 2026-05-31 | G5: 배송완료 | H5: 2026-06-02 | I5: 수령완료
A6: 20260531-0008 | B6: 임수아 | C6: 인천 연수구 송도과학로 32 | D6: 우체국택배 | E6: 112345678905 | F6: 2026-05-31 | G6: 배송완료 | H6: 2026-06-02
A7: 20260530-0012 | B7: 강시우 | C7: 광주 서구 상무중앙로 110 | D7: 롯데택배 | E7: 312345678906 | F7: 2026-05-30 | G7: 배송완료 | H7: 2026-06-01 | I7: 경비실 보관
A8: 20260530-0011 | B8: 윤채원 | C8: 대전 유성구 대학로 99 | D8: CJ대한통운 | E8: 612345678907 | F8: 2026-05-30 | G8: 배송완료 | H8: 2026-06-01
A9: 20260529-0013 | B9: 배지민 | C9: 서울 마포구 월드컵북로 396 | D9: 한진택배 | E9: 412345678908 | F9: 2026-05-29 | G9: 배송완료 | H9: 2026-05-31 | I9: 문 앞
A10: 20260528-0015 | B10: 문건우 | C10: 경기 수원시 영통구 광교로 145 | D10: CJ대한통운 | E10: 612345678909 | F10: 2026-05-28 | G10: 배송완료 | H10: 2026-05-30
A11: 20260527-0019 | B11: 조유나 | C11: 울산 남구 삼산로 282 | D11: 롯데택배 | E11: 312345678910 | F11: 2026-05-27 | G11: 배송완료 | H11: 2026-05-29
A12: 20260527-0018 | B12: 홍시현 | C12: 서울 송파구 올림픽로 300 | D12: 우체국택배 | E12: 112345678911 | F12: 2026-05-27 | G12: 배송완료 | H12: 2026-05-29 | I12: 무인택배함
A13: 20260526-0021 | B13: 권나경 | C13: 제주 제주시 첨단로 242 | D13: CJ대한통운 | E13: 612345678912 | F13: 2026-05-26 | G13: 배송완료 | H13: 2026-05-29 | I13: 항공배송
A14: 20260526-0020 | B14: 남도현 | C14: 경남 창원시 의창구 중앙대로 151 | D14: 한진택배 | E14: 412345678913 | F14: 2026-05-26 | G14: 배송완료 | H14: 2026-05-28

Sheet 재고정보
A1: SKU | B1: 상품명 | C1: 옵션 | D1: 현재고 | E1: 안전재고 | F1: 입고예정 | G1: 매입가 | H1: 판매가 | I1: 재고상태
A2: SKU-001 | B2: 제주 감귤즙 100ml x30포 | C2: 1박스 | D2: 128 | E2: 40 | F2: 0 | G2: 12000 | H2: 19900 | I2: =IF(D2=0,"품절",IF(D2<E2,"부족","정상"))
A3: SKU-002 | B3: 유기농 현미 5kg | C3: 5kg | D3: 36 | E3: 40 | F3: 100 | G3: 14000 | H3: 23000 | I3: =IF(D3=0,"품절",IF(D3<E3,"부족","정상"))
A4: SKU-003 | B4: 친환경 주방세제 1L | C4: 2개세트 | D4: 210 | E4: 50 | F4: 0 | G4: 6000 | H4: 12900 | I4: =IF(D4=0,"품절",IF(D4<E4,"부족","정상"))
A5: SKU-004 | B5: 강원 곤드레나물 500g | C5: 500g | D5: 0 | E5: 30 | F5: 80 | G5: 5000 | H5: 9900 | I5: =IF(D5=0,"품절",IF(D5<E5,"부족","정상"))
A6: SKU-005 | B6: 국산 들기름 500ml | C6: 500ml | D6: 54 | E6: 30 | F6: 0 | G6: 9000 | H6: 16900 | I6: =IF(D6=0,"품절",IF(D6<E6,"부족","정상"))
A7: SKU-006 | B7: 히말라야 핑크솔트 1kg | C7: 1kg | D7: 96 | E7: 40 | F7: 0 | G7: 4000 | H7: 8900 | I7: =IF(D7=0,"품절",IF(D7<E7,"부족","정상"))
A8: SKU-007 | B8: 제주 한라봉 5kg | C8: 5kg | D8: 22 | E8: 25 | F8: 60 | G8: 18000 | H8: 32000 | I8: =IF(D8=0,"품절",IF(D8<E8,"부족","정상"))
A9: SKU-008 | B9: 발효 흑마늘즙 70ml x30 | C9: 1박스 | D9: 71 | E9: 30 | F9: 0 | G9: 15000 | H9: 25900 | I9: =IF(D9=0,"품절",IF(D9<E9,"부족","정상"))

Sheet 매출정보
A1: 날짜 | B1: 주문건수 | C1: 매출액 | D1: 마켓수수료 | E1: 광고비 | F1: 환불액 | G1: 순이익
A2: 2026-05-26 | B2: 6 | C2: 318600 | D2: 38232 | E2: 25000 | F2: 0 | G2: =C2-D2-E2-F2
A3: 2026-05-27 | B3: 5 | C3: 212400 | D3: 25488 | E3: 20000 | F3: 0 | G3: =C3-D3-E3-F3
A4: 2026-05-28 | B4: 4 | C4: 156700 | D4: 18804 | E4: 18000 | F4: 12900 | G4: =C4-D4-E4-F4
A5: 2026-05-29 | B5: 5 | C5: 189300 | D5: 22716 | E5: 15000 | F5: 16900 | G5: =C5-D5-E5-F5
A6: 2026-05-30 | B6: 7 | C6: 401800 | D6: 48216 | E6: 30000 | F6: 0 | G6: =C6-D6-E6-F6
A7: 2026-05-31 | B7: 6 | C7: 238500 | D7: 28620 | E7: 22000 | F7: 0 | G7: =C7-D7-E7-F7
A8: 2026-06-01 | B8: 8 | C8: 512300 | D8: 61476 | E8: 35000 | F8: 0 | G8: =C8-D8-E8-F8
A9: 2026-06-02 | B9: 5 | C9: 165500 | D9: 19860 | E9: 18000 | F9: 0 | G9: =C9-D9-E9-F9
A10: 합계 | B10: =SUM(B2:B9) | C10: =SUM(C2:C9) | D10: =SUM(D2:D9) | E10: =SUM(E2:E9) | F10: =SUM(F2:F9) | G10: =SUM(G2:G9)
